,lon,lat,station_info
1,-81.87191,26.64873,8725520
2,-81.8075,26.1317,8725110
3,-81.8081,24.5508,8724580
4,-81.1065,24.711,8723970
5,-80.1618,25.7314,8723214
6,-80.100814,26.088902,8722956
7,-80.0342,26.6128,8722670
8,-80.593392,28.415682,8721604
9,-81.4279,30.3982,8720218
10,-81.4658,30.6714,8720030
11,-80.9017,32.0367,8670870
12,-79.9236,32.7808,8665530
13,-79.182542,33.35041,8662245
14,-78.9183,33.655,8661070
15,-77.7867,34.2133,8658163
16,-76.67,34.72,8656483
17,-75.7042,35.2086,8654467
18,-75.548063,35.795207,8652587
19,-75.7467,36.1833,8651370
20,-76.0067,36.93,8638999
21,-75.9884,37.1652,8632200
22,-75.685718,37.607749,8631044
23,-75.09134,38.327894,8570283
24,-75.1192,38.7828,8557380
25,-74.9597,38.9678,8536110
26,-74.4183,39.355,8534720
27,-74.00946,40.466737,8531680
28,-71.9594,41.0483,8510560
29,-71.3267,41.505,8452660
30,-70.0964,41.2853,8449130
31,-70.6711,41.5236,8447930
32,-69.950462,41.688556,8447435
33,-71.050197,42.353832,8443970
34,-70.71045,43.071805,8423898
35,-70.556015,43.314671,8419317
36,-70.246193,43.65654,8418150
37,-68.199719,44.393643,8413320
38,-67.198591,44.652252,8411060
39,-66.962027,44.915967,8410140
40,-64.7033,32.3734,2695540
41,-64.695,32.37,2695535
42,-97.1548,26.0674,8779749
43,-97.1675,26.0731,8779748
44,-97.2167,27.58,8775870
45,-97.0391,27.8366,8775241
46,-97.0725,27.8397,8775237
47,-96.3301,28.4269,8773767
48,-95.617109,28.772,8772985
49,-95.2942,28.9357,8772471
50,-95.302178,28.943008,8772447
51,-95.1313,29.081,8771972
52,-94.7933,29.31,8771450
53,-94.7248,29.3573,8771341
54,-94.5106,29.5156,8770971
55,-93.84081,29.689651,8770822
56,-94.390184,29.59493,8770808
57,-93.3429,29.7682,8768094
58,-92.309181,29.526588,8766072
59,-91.3839,29.3675,8764314
60,-91.345904,29.455989,8764227
61,-90.1993,29.1142,8762075
62,-89.957539,29.26791,8761724
63,-89.6732,29.8681,8761305
64,-89.4075,28.9322,8760922
65,-89.25956,29.17756,8760721
66,-89.322042,30.325783,8747437
67,-88.565505,30.367854,8741533
68,-88.402745,30.413114,8740166
69,-88.273296,30.376495,8739803
70,-88.159372,30.374949,8738043
71,-88.075,30.25,8735180
72,-87.855908,30.364427,8732828
73,-87.211852,30.403163,8729840
74,-85.8783,30.2133,8729210
75,-85.6669,30.1523,8729108
76,-84.981248,29.726935,8728690
77,-83.102003,29.085058,8727520
78,-82.8317,27.9783,8726724
79,-82.62716,27.75937,8726520
80,-82.5625,27.6383,8726384
81,-81.658099,30.32088,8720226
82,-81.5583,30.3867,8720219
83,-81.625182,30.398348,8720215
84,-77.9536,34.2275,8658120
85,-76.301708,36.7782,8639348
86,-76.0833,37.0329,8638901
87,-76.33,36.9467,8638610
88,-76.4788,37.2265,8637689
89,-76.280556,37.607342,8636580
90,-76.4646,37.9954,8635750
91,-77.0366,38.3197,8635027
92,-76.015,37.5383,8632837
93,-77.0217,38.8733,8594900
94,-76.4508,38.3172,8577330
95,-76.474074,38.980506,8575512
96,-76.5783,39.2667,8574680
97,-75.812642,39.528952,8573927
98,-76.24564,39.21345,8573364
99,-76.069387,38.58041,8571892
100,-76.0387,38.2204,8571421
101,-75.1133,38.9867,8555889
102,-75.573295,39.559674,8551910
103,-75.5883,39.5817,8551762
104,-74.7519,40.1373,8548989
105,-75.075,39.9833,8546252
106,-75.140195,39.933234,8545240
107,-75.4094,39.8117,8540433
108,-74.8733,40.08,8539094
109,-75.375,39.305,8537121
110,-74.117741,40.643813,8519483
111,-73.938901,42.013821,8518962
112,-74.014823,40.699521,8518750
113,-73.765,40.8103,8516945
114,-73.18408,41.174984,8467150
115,-72.9083,41.2833,8465705
116,-72.0867,41.355,8461490
117,-71.411,41.5868,8454049
118,-71.399234,41.806739,8454000
119,-71.3433,41.7167,8452944
120,-71.166344,41.706623,8447386
121,-97.165967,26.064888,8779770
122,-97.2853,26.2624,8779280
123,-97.2367,27.6333,8775792
124,-97.3892,27.8149,8775296
125,-97.4859,27.8328,8775244
126,-97.040329,28.01874,8774770
127,-96.781618,28.219922,8774230
128,-96.3956,28.4459,8773701
129,-96.6098,28.6406,8773259
130,-95.914,28.7101,8773146
131,-96.731922,28.389059,8773037
132,-94.8971,29.3026,8771486
133,-94.9183,29.48,8771013
134,-95.265804,29.726078,8770777
135,-94.985,29.6817,8770613
136,-93.8701,29.7284,8770570
137,-93.881752,29.981023,8770520
138,-93.931,29.8671,8770475
139,-93.3008,30.1902,8767961
140,-93.224282,30.224117,8767816
141,-91.237311,29.667339,8764044
142,-90.39,30.0679,8762483
143,-90.110827,30.032083,8761927
144,-88.0736,30.7819,8737138
145,-88.0433,30.7083,8737048
146,-88.055588,30.648022,8736897
147,-88.108951,30.446266,8735523
148,-88.079956,30.563874,8735391
149,-82.439917,27.907892,8726667
150,-82.5528,27.8578,8726607
151,-64.700063,17.757623,9751364
152,-64.752418,17.688396,9751401
153,-64.726305,18.31438,9751381
154,-64.92504,18.333981,9751639
155,-65.308208,18.296784,9752235
156,-65.446039,18.155057,9752619
157,-65.477127,18.085513,9752695
158,-65.625664,18.33741,9753216
159,-65.833,18.0551,9754228
160,-66.1164,18.4592,9755371
161,-66.7024,18.4805,9757809
162,-67.049295,17.967985,9759110
163,-67.164045,18.217321,9759394
164,-67.9385,18.0899,9759938
165,-68.76777778,44.79638889,01037050
166,-69.7881944,44.28680556,01049330
167,-69.7694444,44.23027778,01049505
168,-70.1782694,43.79915,01060000
169,-70.3817,43.46162778,432742070225401
170,-70.8475,43.0358333,01073785
171,-71.0830556,42.77277778,01100693
172,-70.87283057,42.81564687,01100870
173,-71.07505177,42.39565236,01103050
174,-71.2336668,42.37231857,01104500
175,-71.0786111,42.3622222,01104705
176,-71.0616667,42.36888889,01104715
177,-70.9972703,42.24787726,01105585
178,-70.7336491,41.9909362,01105870
179,-70.6225338,41.94177039,01105876
180,-70.0645556,41.9311111,011058798
181,-70.1069625,41.70011074,01105880
182,-70.4505818,41.6276095,0110588340
183,-70.50780579,41.59233175,011058837
184,-70.8383696,41.66260446,01105917
185,-70.9564307,41.9339903,01108000
186,-71.0894897,41.8998232,01108410
187,-70.4661167,41.6001611,413601070275800
188,-70.15388889,41.75194444,414507070091400
189,-70.1822222,42.0497222,420259070105600
190,-71.4450575,41.75093399,01116500
191,-71.4445016,41.6412122,01117000
192,-71.8331247,41.38371065,01118500
193,-71.8583333,41.31055556,411838071513000
194,-71.96062898,41.39482097,01118700
195,-72.3843667,41.3514833,01194750
196,-72.3459166,41.3125983,01194796
197,-73.5636111,40.8875,01303000
198,-73.4635556,40.85716667,01303500
199,-73.2241667,40.84944444,01304000
200,-72.6869444,40.91369444,01304500
201,-72.90613889,40.83016667,01305000
202,-72.9938333,40.76725,01305500
203,-73.1586111,40.77194444,01306460
204,-73.31388889,40.70416667,01308000
205,-73.3288056,40.7089722,01308500
206,-73.4547222,40.68888889,01309500
207,-73.5158611,40.67866667,01309950
208,-73.513,40.6801111,01309990
209,-73.5700833,40.66563889,01310500
210,-73.70452778,40.66380556,01311500
211,-74.0266667,40.9483333,01378500
212,-74.41277778,40.48305556,01405030
213,-74.3905556,40.38944444,01405400
214,-74.34888889,40.415,01406050
215,-74.1155556,40.3197222,01407500
216,-74.07,40.1986111,01407705
217,-74.1222222,40.14666667,01408029
218,-74.1525,40.09166667,01408120
219,-74.2233333,39.98638889,01408500
220,-74.1135833,39.924,01408753
221,-74.1905556,39.87916667,01408900
222,-74.32027778,39.66666667,01409280
223,-74.665,39.67444444,01409400
224,-74.5480556,39.68805556,01409810
225,-74.5234444,39.66394444,01410000
226,-74.44138889,39.62305556,01410150
227,-74.5205556,39.43027778,01410500
228,-74.8205556,39.30694444,01411300
229,-74.9447222,39.37305556,01412080
230,-74.8680556,40.295,01462500
231,-74.7780556,40.22166667,01463500
232,-75.0011111,39.94166667,01467081
233,-75.02138889,39.90305556,01467150
234,-75.2591667,39.74055556,01477120
235,-75.67502778,39.6992222,01479000
236,-75.6399444,39.71575,01480015
237,-75.64577778,39.70594444,01480025
238,-75.5868611,39.65138889,01482170
239,-75.58688889,39.65144444,01482220
240,-75.6188611,39.55405556,01482695
241,-75.66938889,39.36627778,01483200
242,-75.4588333,39.13655556,01483625
243,-75.5190833,39.1637222,01483700
244,-75.4583056,39.0105,01484080
245,-75.3976111,39.05830556,01484085
246,-75.29102778,38.59455556,01484525
247,-75.13338889,38.52144444,01484695
248,-75.5618611,38.7283333,01487000
249,-74.9851694,40.05705567,01465798
250,-75.1373987,39.95400165,01467200
251,-75.2376361,39.9327861,01475548
252,-75.25527778,39.8986111,01475553
253,-75.21238889,38.4093333,0148471320
254,-75.3244444,38.38888889,01485000
255,-75.4714444,38.22891667,01485500
256,-75.67138889,38.21388889,01486000
257,-75.8799167,38.51166667,01490000
258,-75.7858056,38.99719444,01491000
259,-75.9430556,38.96680556,01491500
260,-76.0895833,39.53775,01580620
261,-76.42777778,39.33227778,01585175
262,-76.39352778,37.0184972,0167889257
263,-76.3861111,37.03769444,0167891721
264,-76.5662167,37.16720278,0204279245
265,-76.5444306,37.10255,0204279294
266,-76.20735,36.8750833,0204288771
267,-76.22907778,36.7638111,0204288786
268,-76.3842472,36.8624972,0204289131
269,-76.3806361,36.88354444,0204289402
270,-76.2504972,36.92351389,0204289989
271,-76.0221944,36.85802778,0204295063
272,-76.1313361,36.7912083,0204306533
273,-76.2123167,36.69064444,0204309906
274,-76.9444058,36.56681864,02047370
275,-76.81995939,36.90653868,02047783
276,-76.89829369,36.7626499,02049500
277,-76.918294,36.68042849,02050000
278,-76.4363056,36.56177778,363342076261100
279,-76.3871306,36.72666944,364336076231300
280,-76.38717778,36.7265972,364336076231400
281,-76.4139111,36.7319,364355076245000
282,-75.8344444,36.37444444,02043433
283,-76.3425,36.42138889,0204382800
284,-76.9994444,36.28027778,02053500
285,-77.2025,35.9475,02081028
286,-77.04027778,35.8597222,02081054
287,-76.89277778,35.81305556,02081094
288,-76.9841667,36.04777778,0208111310
289,-76.72277778,35.915,0208114150
290,-77.5330556,35.89444444,02083500
291,-77.37277778,35.61666667,02084000
292,-77.2308333,35.56166667,02084160
293,-77.0619444,35.5433333,02084472
294,-76.7461111,35.7308333,02084557
295,-77.5825,35.42888889,02091500
296,-77.30277778,35.31388889,02091814
297,-77.11388889,35.2308333,0209205053
298,-77.46138889,35.06416667,02092500
299,-77.21888889,35.01,02092554
300,-77.8752778,34.5983333,02108566
301,-78.5483333,34.095,02109500
302,-78.71973988,33.953505,02110400
303,-78.7150175,33.9126719,02110500
304,-78.8972222,33.8508333,02110550
305,-79.0411471,33.86100349,02110701
306,-79.0436473,33.8329481,02110704
307,-79.0047569,33.6871151,02110725
308,-78.6558483,33.8515612,02110777
309,-79.09420639,33.64905837,02110802
310,-79.1269867,33.50655724,021108125
311,-79.1739341,33.44461245,02110815
312,-79.2519444,33.83388889,02135100
313,-79.1544874,33.6610024,02135200
314,-79.54561819,33.49044467,02136030
315,-79.2636617,33.36933396,02136350
316,-79.3381102,33.32850037,02136361
317,-79.915,33.4275,02171645
318,-79.6781263,33.3048893,02171700
319,-79.382558,33.20850056,02171800
320,-79.4058929,33.1840565,02171850
321,-79.3542237,33.15433435,02171905
322,-79.9745248,33.21516925,02172002
323,-79.9489708,33.0935042,02172020
324,-79.7836887,33.1315584,02172035
325,-79.8541111,33.0285,021720368
326,-79.9581383,33.05711588,02172040
327,-79.93619338,33.05767134,02172050
328,-79.90675,33.01577778,021720508
329,-79.9228612,32.9835058,02172053
330,-79.9628645,32.89045228,021720677
331,-79.9526667,32.85569444,0217206935
332,-79.82438889,32.92130556,0217206962
333,-79.8961963,32.8590638,021720698
334,-79.9100869,32.80239835,021720709
335,-79.923699,32.7804544,021720710
336,-79.923699,32.7804544,021720711
337,-80.2009279,32.95878299,02172081
338,-80.1516667,32.92583333,021720825
339,-80.0237014,32.8346201,021720869
340,-80.9234722,32.5883611,021765182
341,-81.1248324,32.34963773,02198760
342,-81.11789,32.18575747,021989784
343,-81.11763889,32.171,021989791
344,-81.0069444,32.10305556,0219897993
345,-79.3633333,33.07444444,330428079214800
346,-81.2683333,32.52855556,02198500
347,-81.2970833,32.36577778,02198690
348,-81.1780278,32.25602778,02198810
349,-81.1536111,32.24916667,02198820
350,-81.1510833,32.2354722,02198840
351,-81.1549167,32.16533333,02198920
352,-81.1383333,32.16555556,02198950
353,-81.1283333,32.11608333,021989715
354,-81.0813611,32.08041667,021989773
355,-81.13,32.16583333,021989792
356,-80.9060556,32.03580556,02198980
357,-81.4158611,32.1901111,02202500
358,-81.38475,32.0795,02202680
359,-81.4586111,31.96944444,02203518
360,-81.2878611,31.9769722,02203536
361,-81.5395556,31.82055556,02203557
362,-81.3627778,31.45333333,022035975
363,-81.6051111,31.4268611,02226160
364,-81.40213889,31.12675,02226180
365,-81.8664444,31.21958333,02228000
366,-81.7268611,30.97488889,02228070
367,-81.4713611,30.76433333,02228295
368,-82.0241667,30.78305556,02231175
369,-81.6542683,30.744124,02231254
370,-81.5898179,30.5507931,02231291
371,-80.6790194,27.5909972,022313219
372,-80.6781444,27.59294167,02231322
373,-80.80505949,27.72808533,02231396
374,-80.8881155,28.074462,02231600
375,-80.752001,28.08473879,02232000
376,-80.8953373,28.18195808,02232155
377,-80.91089309,28.2130681,02232200
378,-80.8725578,28.36972837,02232400
379,-80.9283928,28.3525071,02232415
380,-80.943392,28.54305529,02232500
381,-81.169786,28.65555285,02233484
382,-81.1141667,28.67777778,02233500
383,-81.0353374,28.7141611,02234000
384,-81.2475656,28.68999664,02234344
385,-81.308678,28.71888466,02234384
386,-81.2906221,28.7041629,02234400
387,-81.18117379,28.78415969,02234435
388,-81.3242323,28.83804694,02234500
389,-81.4193056,28.81426389,02235000
390,-81.3397866,28.944154,02235500
391,-81.3825651,29.00831827,02236000
392,-81.5220157,29.16692445,02236125
393,-81.6425767,29.24469863,02236160
394,-81.80480679,29.50858114,02243959
395,-81.8041667,29.50833333,02243960
396,-81.683138,29.5963582,02244040
397,-81.3711787,29.39469798,02244333
398,-81.626191,29.57774783,02244440
399,-81.4843667,29.72338056,02245260
400,-81.55,29.8,02245290
401,-81.6151361,30.0059222,02245340
402,-81.9064915,30.1132953,02246000
403,-81.86371139,30.07607343,02246010
404,-81.5559,30.14333056,02246160
405,-81.54638889,30.11916667,022462002
406,-81.7684315,30.19635087,02246318
407,-81.7403761,30.28218375,02246459
408,-81.6653735,30.3224616,02246500
409,-81.5900917,30.2644071,02246515
410,-81.57,30.28696944,02246518
411,-81.69648758,30.41746058,02246621
412,-81.6682,30.44333889,02246751
413,-81.59688889,30.45494167,02246804
414,-81.5182611,30.44838056,02246825
415,-81.2595108,29.66941676,02247222
416,-81.1086687,29.21748099,02247510
417,-81.0464455,29.05081845,02248000
418,-80.754773,28.73638079,02248380
419,-80.6553314,28.16140209,02248900
420,-80.6467205,28.12695888,02249007
421,-80.6294983,28.07946057,02249500
422,-80.59588719,28.01724054,02250030
423,-80.5656091,27.96724239,02250500
424,-80.5312444,27.93675,02250702
425,-80.5058868,27.76947258,02251000
426,-80.52422,27.85613569,02251500
427,-80.5342203,27.83058119,02251767
428,-80.4275516,27.75447297,02251800
429,-80.42005169,27.69308613,02252500
430,-80.405607,27.64780983,02253000
431,-80.386579,27.6044779,02253500
432,-81.3147949,26.9325585,02256500
433,-81.11784588,26.96255665,02257000
434,-81.1327222,27.09083333,02257750
435,-81.0714972,27.0389222,02257790
436,-81.0699806,27.15438056,02258800
437,-81.0091722,27.0964472,02259100
438,-81.201458,27.21393588,02273230
439,-80.8964511,27.24393485,02273630
440,-80.8725617,27.3653202,02274010
441,-80.8383333,27.31638889,02274325
442,-80.8189493,27.3047665,02274490
443,-80.8239494,27.28087828,02274505
444,-80.780615,27.2372685,02275197
445,-80.6156,26.98553333,02276877
446,-80.28725,27.10866667,02276998
447,-80.2587833,27.2048,02277100
448,-80.2074444,27.19902778,02277110
449,-80.17525,26.93925,02277600
450,-80.17488889,26.93927778,02277602
451,-80.08508889,26.94674444,02277743
452,-80.7090694,26.70021389,02280500
453,-80.4468833,26.47285,02281200
454,-80.7128167,26.6976,02283500
455,-80.1949722,25.9002222,02286328
456,-80.8067278,26.69534407,02286400
457,-80.4215472,25.89123889,02287497
458,-81.2616343,25.88772088,02288800
459,-80.9803467,25.85176527,02288900
460,-80.7694722,25.76183333,02289019
461,-80.8816111,26.32719444,02289035
462,-80.7271944,25.76202778,02289041
463,-80.6547222,25.76138889,02289054
464,-80.6086111,25.76138889,02289056
465,-80.5617056,25.76114167,02289060
466,-80.5366667,25.76138889,02289080
467,-80.5166667,25.76138889,02289085
468,-80.3280833,25.7625,02289500
469,-80.4001667,25.57708333,0229070825
470,-80.3878472,25.57895278,0229070834
471,-80.3877361,25.57358056,0229070836
472,-80.37875,25.57091667,022907085
473,-80.3747778,25.57,0229070854
474,-80.3595556,25.5598611,02290709
475,-80.49763889,25.74633333,022907647
476,-80.4965556,25.71758333,02290765
477,-80.4959722,25.70216667,02290766
478,-80.4971,25.68598333,02290767
479,-80.4981667,25.66338889,02290768
480,-80.5248333,25.3272222,02290769
481,-80.9132167,25.3386722,022908205
482,-80.8545278,25.46797778,022908295
483,-81.0769444,25.50138889,02290878
484,-81.2497222,25.70916667,02290888
485,-81.1647222,25.55555556,02290918
486,-81.3825,25.8697222,02290928
487,-81.3416667,25.8286111,02290930
488,-81.3551944,25.95794444,02291001
489,-81.74938889,26.33583333,02291500
490,-81.7903611,26.36233333,02291524
491,-81.7959722,26.44294444,02291580
492,-81.7934444,26.42875,02291597
493,-81.8544167,26.52202778,02291669
494,-81.8544167,26.50688889,02291673
495,-81.8527778,26.50641667,02291710
496,-81.08888889,26.83333333,02292010
497,-81.30495,26.78790556,02292490
498,-81.5132333,26.74742778,02292740
499,-81.5580361,26.70775278,02292780
500,-81.69313699,26.72173487,02292900
501,-81.7034528,26.72735833,022929176
502,-81.7594444,26.69194444,02293055
503,-81.8086667,26.71571667,02293090
504,-81.89188889,26.57488889,02293230
505,-81.9209444,26.74202778,02293262
506,-81.8761946,27.22088245,02296750
507,-81.8795282,27.16671794,02297100
508,-81.9884193,27.19949477,02297310
509,-81.9994444,27.08666667,02297345
510,-82.00730919,27.07755529,02297350
511,-81.9942538,26.98755887,02297460
512,-81.8266361,26.96734444,02297600
513,-81.8875,26.975,02297635
514,-81.8947222,26.99027778,02298170
515,-81.9356414,26.98478094,02298202
516,-82.1567556,27.3436562,02298608
517,-82.3400929,27.28838098,02298760
518,-82.3118944,27.23521944,02298830
519,-82.3556494,27.1856073,02298880
520,-82.2930655,27.04519625,02299230
521,-82.2606667,27.06033333,02299260
522,-82.1442558,27.1933843,02299410
523,-82.2048417,27.11163889,02299450
524,-82.2203333,27.06933333,02299472
525,-82.2353333,27.0456111,02299482
526,-82.2378698,27.04700165,02299484
527,-82.4300958,27.14394246,02299727
528,-82.451425,27.11850278,02299730
529,-82.4474111,27.11271944,02299734
530,-82.4655556,27.1122222,02299735
531,-82.5442639,27.3678222,02299861
532,-82.3670375,27.51364999,023000095
533,-82.39738889,27.57577778,02300017
534,-82.3895379,27.55337054,02300018
535,-82.4261111,27.42055556,02300033
536,-82.4875958,27.44143074,02300042
537,-82.51338889,27.57991667,02300075
538,-82.5397222,27.58805556,02300082
539,-82.294258,27.6494778,02300300
540,-82.3525925,27.67114344,02300500
541,-82.3520369,27.79197208,02300700
542,-82.3462035,27.83502623,02300703
543,-82.3264528,27.86934167,02301718
544,-82.3842598,27.85974739,02301721
545,-82.3706484,27.88002457,02301738
546,-82.3498147,27.8966908,02301740
547,-82.3770375,27.902246,02301745
548,-82.3642595,27.9258564,02301750
549,-82.37175969,27.985021,02301793
550,-82.4091667,28.08888889,02303800
551,-82.3637032,28.05446224,02304000
552,-82.4275939,28.02390784,02304500
553,-82.4345385,28.02113015,02304510
554,-82.4612055,28.05862836,02305851
555,-82.451761,28.02113004,02306000
556,-82.45231658,28.02113003,023060003
557,-82.4548166,28.0202967,023060013
558,-82.4587057,27.94196627,02306028
559,-82.5117623,28.04307328,02306500
560,-82.5450963,28.01390775,02306647
561,-82.5417667,28.0000972,023066535
562,-82.5658333,28.06583333,02306774
563,-82.5553744,28.06501684,02306950
564,-82.5759304,28.03696237,02307000
565,-82.6267649,28.0508507,02307032
566,-82.6398209,28.14084726,02307323
567,-82.6871441,28.09643229,02307359
568,-82.6937554,28.08682987,02307362
569,-82.6977778,28.07705556,02307445
570,-82.72248889,28.06850278,02307496
571,-82.7109336,28.05362833,02307498
572,-82.7294444,27.97319444,02307669
573,-82.7131558,27.97550618,02307674
574,-82.7248228,27.91585545,02307780
575,-82.7267672,27.8733569,02308861
576,-82.6759327,27.90780025,02308865
577,-82.6759327,27.90780025,02308866
578,-82.7370453,27.8722458,02308870
579,-82.7803798,27.83919117,02308889
580,-82.7203611,27.81023889,02308950
581,-82.8167697,27.90752187,02309110
582,-82.804,27.94240833,02309200
583,-82.7587125,28.0469618,02309425
584,-82.7636611,28.07112778,02309447
585,-82.6664882,28.21417784,02310000
586,-82.7193056,28.1744722,02310075
587,-82.6429044,28.25731495,02310300
588,-82.7226006,28.2502877,02310308
589,-82.6677778,28.28055556,02310322
590,-82.6732611,28.33092778,02310356
591,-82.6987778,28.33877778,02310368
592,-82.5734324,28.51694015,02310500
593,-82.65010099,28.53360629,02310600
594,-82.5767656,28.71526419,02310650
595,-82.6062107,28.71526404,02310663
596,-82.6247222,28.70263889,02310673
597,-82.6389891,28.69470935,02310674
598,-82.5887105,28.76665075,02310675
599,-82.58871089,28.79970509,02310678
600,-82.589822,28.79748294,02310688
601,-82.60563889,28.8131111,02310689
602,-82.6026,28.80137159,02310690
603,-82.6178779,28.78526096,02310700
604,-82.695657,28.7716498,02310712
605,-82.5956566,28.890535,02310740
606,-82.6055556,28.8933611,02310742
607,-82.5931566,28.89470155,02310743
608,-82.62388889,28.90638889,02310747
609,-82.6351883,28.90500349,02310750
610,-82.6458056,28.90155556,02310752
611,-82.6167699,29.00997485,02313230
612,-82.6167699,29.00997485,02313231
613,-82.6378818,29.02108538,02313250
614,-82.7657876,29.00110935,02313272
615,-82.769001,29.20413378,02313700
616,-82.9276278,29.955785,02320500
617,-82.8604033,29.91162076,02322800
618,-82.924293,29.79134359,02323000
619,-82.9365131,29.58968017,02323500
620,-82.9331797,29.5891247,02323502
621,-82.976791,29.4896808,02323566
622,-83.3215262,29.78661294,02324000
623,-83.37735989,29.6682821,02324170
624,-83.6623725,30.0713236,02325000
625,-83.7776534,30.01132315,02325543
626,-83.8237679,30.17076448,02326000
627,-83.8987028,30.06811667,02326050
628,-83.80682559,30.36992847,02326500
629,-83.9796085,30.3013159,02326526
630,-83.9797728,30.11234694,02326550
631,-84.1482508,30.2714311,02326900
632,-84.30128689,30.23492447,02327000
633,-84.261563,30.2138141,02327022
634,-84.3273972,30.07270485,02327031
635,-84.40823469,30.18825753,02327033
636,-84.4943482,30.12936856,02327100
637,-84.6679637,30.17658934,02330150
638,-84.8433,30.03624444,02330400
639,-85.1420111,30.1322611,02358754
640,-85.0154686,29.94937094,02359170
641,-85.0842806,29.7695111,02359223
642,-85.5565932,30.3846406,02359500
643,-87.2905288,30.44825279,02376100
644,-81.0643806,25.13696944,250802081035500
645,-80.73358889,25.16819444,251003080435500
646,-80.7231111,25.17464167,251032080432200
647,-80.7927778,25.17555556,251032080473400
648,-80.7355833,25.17588889,251033080440800
649,-81.1327778,25.18765278,251115081075800
650,-80.6390528,25.19059444,251127080382100
651,-80.6190944,25.1982111,251152080370900
652,-80.7886667,25.1983611,251154080471900
653,-80.8016111,25.2007222,251203080480600
654,-80.5841111,25.20330278,251209080350100
655,-80.6476667,25.2102972,251241080385300
656,-80.5335056,25.2148972,251253080320100
657,-80.4859472,25.2283,251341080291200
658,-80.5248667,25.232625,251355080312800
659,-80.4475722,25.24210833,251433080265000
660,-80.4201833,25.2642111,251549080251200
661,-80.5725528,25.28610833,251716080342100
662,-80.4351667,25.33033333,251946080254800
663,-80.54666389,25.33876944,252036080324300
664,-81.0366944,25.3749722,252230081021300
665,-81.0859583,25.43055556,252551081050900
666,-80.9331528,25.512125,253044080555900
667,-80.9322222,25.50129167,253047080555600
668,-80.6527667,25.6401611,253828080391100
669,-80.6349167,25.69165,254130080380500
670,-80.3606111,25.69905556,254157080213800
671,-80.5573583,25.71970278,254315080331500
672,-80.5532222,25.7617222,254540080325700
673,-80.5908611,25.76175,254540080361500
674,-80.6820444,25.7620472,254543080405401
675,-80.8213583,25.76188056,254543080491101
676,-80.6172222,25.78527778,254707080370201
677,-80.5788611,25.79755556,254754080344300
678,-80.80888889,25.7997222,254759080483201
679,-80.7201222,25.8142722,254848080432001
680,-80.5993333,25.83769444,255014080355801
681,-80.3863333,25.84069444,255026080231300
682,-80.6205667,25.86515,255154080371300
683,-80.6202,25.86485,255154080371303
684,-80.6805556,25.86666667,255200080405001
685,-80.55675,25.88408333,255250080335001
686,-80.58876389,25.90660833,255300080370001
687,-81.4555,25.89538889,255327081275900
688,-81.5109167,25.90880556,255432081303900
689,-81.5443056,25.926,255534081324000
690,-80.75,25.94277778,255634080450001
691,-80.4986111,25.9522222,255708080295501
692,-80.6696111,25.97513889,255828080401301
693,-80.77888889,26.00194444,260007080464401
694,-80.48236389,26.0076472,260037080303401
695,-80.5880556,26.01166667,260042080351701
696,-80.90388889,26.06527778,260355080541401
697,-80.7575,26.06944444,260410080452701
698,-80.5069444,26.09333333,260536080302501
699,-80.7527778,26.1236111,260725080451001
700,-80.3670833,26.13644444,260810080222001
701,-80.75075,26.17421944,261023080443001
702,-80.37138889,26.17638889,261035080221701
703,-80.531,26.1884722,261117080315201
704,-80.44863889,26.17744444,261150080270001
705,-80.4540278,26.20241667,261200080275001
706,-80.45988889,26.22913889,261300080280001
707,-80.5922222,26.22194444,261319080353201
708,-80.9534167,26.2585,261533080571600
709,-80.8303611,26.26025,261543080495000
710,-80.30663889,26.2814722,261710080190001
711,-81.0744444,26.30233333,261808081042800
712,-80.9793333,26.34375,262038080584600
713,-80.3125,26.36,262100080190001
714,-80.3509167,26.37125,262200080210001
715,-80.4115,26.28677778,262240080258001
716,-80.4552778,26.37638889,262258080273501
717,-80.3805,26.3871111,262300080220001
718,-80.3378611,26.42138889,262528080202700
719,-80.2909167,26.45960833,262750080175001
720,-80.2221111,26.49927778,263000080120001
721,-80.2344278,26.49966944,263050080145001
722,-80.3361028,26.5225472,263180080205001
723,-80.3538611,26.59377778,263537080211400
724,-80.9179804,26.76075867,264514080550700
725,-80.6129444,26.91719444,265501080364900
726,-80.16,26.98528333,265906080093500
727,-80.1548333,26.9914,265929080091800
728,-82.4740111,28.053175,280311082282601
729,-82.69063889,28.92527778,285531082412600
730,-85.2436111,29.88555556,295308085143700
731,-85.2547222,29.8897222,295323085151700
732,-81.6662048,30.1902405,301124081395901
733,-81.55814749,30.3860727,302309081333001
734,-87.6866524,30.27964626,02378185
735,-88.1433355,30.80296466,02471001
736,-88.1813906,30.50075106,02471078
737,-89.695,30.4625,02492511
738,-89.7797222,30.45638889,02492519
739,-89.7367304,30.385193,02492600
740,-89.7022306,30.29788889,02492700
741,-91.1915556,30.44566667,07374000
742,-89.8365833,29.93519444,073745235
743,-89.9069444,29.85888889,073745245
744,-89.977847,29.85715084,07374525
745,-89.9375,29.78416667,073745253
746,-89.7195065,29.7082661,073745257
747,-89.7039524,29.57076989,073745258
748,-89.5636694,29.63354395,07374526
749,-89.6060323,29.5859626,07374527
750,-89.5122222,29.56930556,073745275
751,-89.83062149,30.30130578,07374581
752,-90.1702222,30.4941111,07375050
753,-90.0845216,30.49963635,07375170
754,-90.0894444,30.47638889,07375175
755,-90.0389644,30.48213676,07375222
756,-90.1548009,30.4040829,07375230
757,-90.3617524,30.50658047,07375500
758,-90.3345833,30.44369444,07375650
759,-90.6773163,30.5038016,07376000
760,-91.0401038,30.50574466,07378050
761,-90.99038,30.464079,07378500
762,-91.0073244,30.38685874,07378722
763,-91.0207222,30.32125,07378745
764,-91.0209444,30.32138889,07378746
765,-91.0181576,30.323527,07378748
766,-91.1081603,30.35852615,07378810
767,-91.1034382,30.4049139,07379050
768,-91.0151022,30.35519288,07379075
769,-91.0914935,30.41796914,07379100
770,-91.0942712,30.38241445,07379960
771,-90.9173216,30.34047129,07380101
772,-90.9689897,30.3368601,07380102
773,-90.94648899,30.32852706,07380107
774,-90.8520419,30.3326939,07380120
775,-90.88370919,30.2974169,07380126
776,-90.8598611,30.31825,07380127
777,-90.7792616,30.2754733,07380200
778,-90.7364889,30.10158889,07380212
779,-90.6087222,30.30769444,07380215
780,-90.9187092,30.1707532,073802220
781,-90.8612076,30.17325336,073802225
782,-90.9634335,30.2621398,0738022295
783,-90.9169444,30.26944444,0738022395
784,-90.8700972,30.23741844,073802245
785,-90.8995425,30.2274186,073802273
786,-90.8199056,30.21519444,073802280
787,-90.7862055,30.18936433,073802282
788,-90.7812778,30.18925,073802284
789,-90.0341667,30.03013889,073802332
790,-89.9019444,30.01444444,073802339
791,-89.9888611,29.6991111,07380238
792,-90.1399806,29.25938889,07380245
793,-90.0485278,29.2313611,07380249
794,-89.9506268,29.42272045,07380251
795,-90.0066056,29.4742722,073802511
796,-90.0411844,29.39855505,073802512
797,-89.9885,29.3336111,073802514
798,-89.9468056,29.27283333,073802516
799,-89.9864083,29.57673333,07380255
800,-89.597,29.30452778,07380260
801,-90.1655556,29.56577778,07380330
802,-90.1814655,29.5177174,07380335
803,-91.0059332,30.09658793,07380401
804,-91.0232222,29.9415,07380500
805,-90.8225932,29.7979854,07381000
806,-90.5367778,29.64705556,07381150
807,-90.7153674,29.38299869,07381324
808,-90.9211111,29.24916667,07381349
809,-90.8713889,29.07805556,073813498
810,-90.544808,29.64521343,07381350
811,-90.5576667,29.62733333,07381355
812,-91.3313889,30.1557222,07381450
813,-91.2158333,29.9091111,07381454
814,-91.1669167,29.78025,07381460
815,-91.0997222,29.66833333,073814675
816,-91.7983333,30.9825,07381490
817,-91.6867797,30.28158638,07381515
818,-91.4456662,29.89270406,073815450
819,-91.3728855,29.69798645,07381590
820,-91.3739966,29.70437513,073815945
821,-91.3854167,30.10655556,073815963
822,-91.2119368,29.69281939,07381600
823,-91.1552778,29.58555556,073816503
824,-91.3338889,29.43025,073816525
825,-91.4705556,29.68083333,07381670
826,-91.8315047,30.56602634,07384400
827,-91.8292836,30.07103537,07385700
828,-91.8290058,30.07075759,07385702
829,-91.5862248,29.87937163,07385765
830,-91.3728854,29.70409736,07385820
831,-91.9876184,30.36825387,07386600
832,-91.955952,30.219367,07386850
833,-92.0756783,30.14186928,07386940
834,-92.1563611,29.9511111,07386980
835,-91.8803982,29.71326575,07387040
836,-92.1355556,29.67444444,07387050
837,-92.4906944,30.48288889,08010000
838,-92.5905556,30.19,08012150
839,-92.9154167,30.50255556,08015500
840,-93.2473764,30.23714987,08017044
841,-93.2995989,30.0318786,08017095
842,-93.349043,29.8157762,08017118
843,-89.9405,29.3247222,291929089562600
844,-90.1,29.46666667,292800090060000
845,-89.9123056,29.49413889,292939089544400
846,-89.7605556,29.49777778,292952089453800
847,-90.9480556,29.49777778,292952090565300
848,-91.3855556,29.54138889,293229091230800
849,-92.6041667,29.63583333,293809092361500
850,-92.8230556,29.67916667,294045092492300
851,-92.4166667,29.78805556,294717092250000
852,-91.3119167,29.8365,295011091184300
853,-90.2047222,29.85527778,2951190901217
854,-89.9076944,29.85355556,295124089542100
855,-93.1669444,29.87527778,295231093100100
856,-91.3208333,29.91305556,295447091191500
857,-90.3177778,29.91694444,295501090190400
858,-93.5105556,29.9622222,295744093303800
859,-91.5333333,30.05333333,300312091320000
860,-91.5988889,30.08527778,300507091355600
861,-90.6308333,30.10055556,300602090375100
862,-89.8741667,30.1175,300703089522700
863,-89.2502778,30.12277778,300722089150100
864,-89.7405556,30.16694444,301001089442600
865,-90.12275,30.19963889,301200090072400
866,-90.64,30.22333333,301324090382400
867,-91.7355556,30.28194444,301655091440800
868,-91.7325,30.33888889,302020091435700
869,-93.7437784,30.30381684,08030500
870,-93.7184194,30.19985278,08030520
871,-93.7017833,30.127725,08030530
872,-93.7215544,30.09798774,08030540
873,-93.7866111,30.13194444,08030730
874,-93.7497889,30.09347778,08030800
875,-93.8963417,30.1079861,08031010
876,-93.8638139,30.132125,08031020
877,-93.8214944,30.04455278,08031050
878,-93.9826717,29.86215948,08042522
879,-94.6661139,29.67555556,08042558
880,-94.8182567,30.05771539,08067000
881,-94.8102003,29.96132898,08067070
882,-94.774366,29.9418847,08067100
883,-94.7149197,29.86744193,08067118
884,-94.7635944,29.83707778,08067250
885,-94.9996503,29.77078197,08067525
886,-95.3388889,29.71416667,08075110
887,-95.2893807,29.67439687,08075500
888,-95.2291011,29.65661915,08075605
889,-95.216323,29.69467363,08075730
890,-95.2332671,29.8371695,08076700
891,-95.178544,29.51745517,08077600
892,-95.427175,29.0684861,08078080
893,-95.4625,29.0536111,08079010
894,-95.3388276,28.95108115,08079120
895,-95.4775222,29.0491611,08117210
896,-95.3816078,28.8980278,08117301
897,-95.9975,28.77416667,08162501
898,-96.1710747,28.92803769,08162600
899,-96.6863668,28.95998449,08164000
900,-96.7688702,28.72527137,08164800
901,-96.9652778,28.66194444,08177520
902,-97.0426944,28.53125,08188570
903,-96.7814278,28.50548889,08188590
904,-96.8847084,28.5058337,08188800
905,-96.8627635,28.47833444,08188810
906,-97.1124913,28.30361693,08189200
907,-97.2791593,28.29195088,08189500
908,-97.7758308,27.93779594,08211200
909,-97.625273,27.88307697,08211500
910,-97.6288843,27.8952986,08211502
911,-97.5019377,27.71141879,08211520
912,-97.5847222,26.23527778,08470500
913,-73.8856,40.5736,01311875
914,-73.7583,40.6172,01311850
915,-73.7378,40.5931,01311145
916,-73.6561,40.6088,01311143
917,-73.5842,40.5933,01310740
918,-73.5758,40.6275,01310521
919,-73.0912,40.7211,01306402
920,-72.9897,40.6914,01305575
921,-72.5033,40.8506,01304746
922,-72.6387,40.9178,01304562
923,-72.3067,41.1366,01304200
924,-73.363,41.1409,01209510
925,-73.416,41.1016,410606073245700
926,-73.6251,41.0141,012112296
927,-73.5932,40.9051,01302845
928,-73.638,40.8886,01302600
929,-73.7102,40.8662,01302250
930,-85.658,22.47,32ST0
931,-72.242,34.703,41001
932,-74.936,31.759,41002
933,-79.099,32.502,41004
934,-80.866,31.4,41008
935,-80.185,28.508,41009
936,-78.48,28.88,41010
937,-80.534,30.042,41012
938,-77.764,33.441,41013
939,-78.489,33.848,41024
940,-75.454,35.01,41025
941,-79.63,32.81,41029
942,-79.34,32.52,41030
943,-80.41,32.28,41033
944,-77.279,34.476,41035
945,-76.949,34.207,41036
946,-77.36,33.991,41037
947,-77.715,34.141,41038
948,-64.793,21.026,41043
949,-58.63,21.582,41044
950,-68.393,23.822,41046
951,-71.452,27.482,41047
952,-69.573,31.831,41048
953,-62.271,27.505,41049
954,-65.004,18.257,41051
955,-64.763,18.249,41052
956,-66.099,18.474,41053
957,-65.464,18.261,41056
958,-70.731,19.833,41057
959,-65.157,18.476,41058
960,-75.095,35.778,41062
961,-75.941,34.782,41063
962,-76.95,34.2,41064
963,-79.619,32.802,41065
964,-79.656,32.536,41066
965,-80.189,27.593,41068
966,-80.803,29.289,41069
967,-75.125,35.95,41082
968,-74.853,35.725,41083
969,-78.016,33.721,41108
970,-77.3,34.483,41109
971,-81.292,30.709,41112
972,-80.533,28.4,41113
973,-80.216,27.552,41114
974,-67.28,18.376,41115
975,-80.188,28.523,41116
976,-81.079,29.999,41117
977,-80.59,28.609,41118
978,-78.483,33.842,41119
979,-75.285,35.258,41120
980,-66.701,18.491,41121
981,-80.096,26.001,41122
982,-64.723,17.769,41140
983,-64.635,17.684,41141
984,-67.345,23.375,41420
985,-63.882,23.368,41421
986,-72.66,33,41424
987,-65.617,28.673,41425
988,-67.287,23.508,41D20
989,-64.856,21.132,41S43
990,-68.481,23.866,41S46
991,-89.662,25.926,42001
992,-93.646,26.055,42002
993,-85.616,25.925,42003
994,-88.769,30.09,42007
995,-87.548,30.06,42012
996,-82.924,27.173,42013
997,-82.22,25.254,42014
998,-95.343,27.908,42019
999,-96.679,26.97,42020
1000,-83.306,28.311,42021
1001,-83.741,27.505,42022
1002,-83.086,26.01,42023
1003,-84.219,27.464,42024
1004,-83.475,25.171,42026
1005,-88.212,30.09,42031
1006,-94.41,29.235,42035
1007,-84.508,28.501,42036
1008,-92.554,27.421,42038
1009,-86.007,28.787,42039
1010,-88.237,29.207,42040
1011,-90.462,27.504,42041
1012,-88.324,29.887,42042
1013,-94.899,28.982,42043
1014,-97.051,26.191,42044
1015,-96.5,26.217,42045
1016,-94.037,27.89,42046
1017,-93.597,27.897,42047
1018,-96.843,27.94,42048
1019,-96.006,28.351,42049
1020,-94.242,28.843,42050
1021,-93.642,29.635,42051
1022,-88.504,29.551,42053
1023,-87.731,26,42054
1024,-94.112,22.14,42055
1025,-84.98,19.82,42056
1026,-81.578,16.975,42057
1027,-75.153,14.512,42058
1028,-67.483,15.3,42059
1029,-63.329,16.434,42060
1030,-75.046,14.926,42065
1031,-88.583,30.05,42067
1032,-81.251,24.5,42078
1033,-81.242,24.535,42079
1034,-81.934,24.396,42080
1035,-89.649,28.988,42084
1036,-66.537,17.87,42085
1037,-60.848,11.185,42087
1038,-60.521,11.301,42088
1039,-80.061,19.699,42089
1040,-69.58,18.432,42090
1041,-92.505,29.088,42091
1042,-97.012,27.64,42092
1043,-89.832,29.017,42093
1044,-89.907,29.085,42094
1045,-81.968,24.409,42095
1046,-83.65,25.714,42097
1047,-82.931,27.59,42098
1048,-84.275,27.352,42099
1049,-68.191,15.276,42407
1050,-87,25.2,42408
1051,-89.288,25.797,42409
1052,-89.657,25.942,42501
1053,-70.433,38.484,44004
1054,-69.127,43.201,44005
1055,-70.14,43.525,44007
1056,-69.25,40.496,44008
1057,-74.692,38.46,44009
1058,-66.562,41.093,44011
1059,-70.651,42.346,44013
1060,-74.837,36.603,44014
1061,-72.049,40.693,44017
1062,-70.154,42.203,44018
1063,-70.283,41.497,44020
1064,-69.988,43.762,44021
1065,-73.728,40.883,44022
1066,-65.909,42.325,44024
1067,-73.175,40.258,44025
1068,-67.301,44.284,44027
1069,-70.566,42.523,44029
1070,-70.426,43.179,44030
1071,-70.06,43.57,44031
1072,-69.355,43.715,44032
1073,-68.996,44.055,44033
1074,-68.112,44.103,44034
1075,-67.02,44.89,44035
1076,-66.02,45.2,44036
1077,-67.876,43.497,44037
1078,-66.55,43.62,44038
1079,-72.655,41.138,44039
1080,-73.58,40.956,44040
1081,-76.787,37.211,44041
1082,-76.336,38.033,44042
1083,-76.391,39.152,44043
1084,-76.526,38.389,44044
1085,-76.399,37.236,44052
1086,-76.5,37.244,44053
1087,-75.017,38.883,44054
1088,-75.256,39.122,44055
1089,-75.714,36.2,44056
1090,-76.073,39.54,44057
1091,-76.251,37.552,44058
1092,-76.298,36.846,44059
1093,-72.067,41.263,44060
1094,-77.036,38.788,44061
1095,-76.415,38.556,44062
1096,-76.448,38.963,44063
1097,-76.087,36.998,44064
1098,-73.701,40.368,44065
1099,-72.644,39.618,44066
1100,-76.996,38.368,44067
1101,-77.191,37.314,44068
1102,-71.004,41.392,44070
1103,-75.691,36.906,44071
1104,-76.266,37.201,44072
1105,-70.54,43.02,44073
1106,-70.883,40.363,44075
1107,-70.775,40.137,44076
1108,-70.883,39.94,44077
1109,-74.827,36.175,44079
1110,-75.044,38.537,44084
1111,-71.032,41.387,44085
1112,-75.421,36.001,44086
1113,-76.149,37.026,44087
1114,-74.839,36.612,44088
1115,-75.325,37.754,44089
1116,-70.329,41.84,44090
1117,-73.77,39.768,44091
1118,-70.632,42.942,44092
1119,-75.492,36.873,44093
1120,-73.106,40.585,44094
1121,-75.33,35.75,44095
1122,-75.809,37.024,44096
1123,-71.124,40.969,44097
1124,-70.171,42.8,44098
1125,-75.722,36.915,44099
1126,-75.593,36.258,44100
1127,-63.408,44.5,44172
1128,-57.341,47.263,44235
1129,-70.717,39.314,44402
1130,-61.667,41.944,44403
1131,-80.413,32.664,ACFS1
1132,-80.357,32.523,ACQS1
1133,-80.454,32.559,ACXS1
1134,-85.058,29.675,ADBF1
1135,-73.8,40.45,ALSN6
1136,-82.789,28.193,ANCF1
1137,-82.74,27.54,ANMF1
1138,-73.926,42.027,ANRN6
1139,-84.875,29.786,APQF1
1140,-84.881,29.769,APXF1
1141,-82.667,28.433,ARPF1
1142,-74.72,39.09,AVAN4
1143,-61.821,17.591,BARA9
1144,-80.306,25.601,BBNF1
1145,-80.349,25.472,BBSF1
1146,-80.99,25.476,BDVF1
1147,-80.325,32.504,BEIS1
1148,-81.881,26.404,BGCF1
1149,-74.147,40.64,BGNN6
1150,-70.83,43.059,BGXN3
1151,-80.834,25.119,BKYF1
1152,-81.522,30.392,BLIF1
1153,-71.173,41.705,BLTM3
1154,-80.519,25.087,BNKF1
1155,-80.681,25.027,BOBF1
1156,-82.571,27.611,BPHF1
1157,-74.2,39.61,BRBN4
1158,-87.829,30.329,BSCA1
1159,-81.162,25.266,BSKF1
1160,-75.046,38.537,BTHD1
1161,-89.429,28.906,BURL1
1162,-71.033,41.397,BUZM3
1163,-80.438,25.178,BWSF1
1164,-82.649,27.765,CAMF1
1165,-80.942,25.42,CANF1
1166,-76.113,36.967,CBBV2
1167,-76.54,39.223,CBCM2
1168,-82.618,27.663,CCUF1
1169,-89.056,28.791,CGCL1
1170,-75.713,36.905,CHLV2
1171,-76.007,36.93,CHYV2
1172,-82.686,27.736,CLBF1
1173,-76.525,34.622,CLKN7
1174,-95.067,29.563,CLLT2
1175,-70.7,43.07,CMLN3
1176,-81.186,25.7,CNBF1
1177,-76.387,38.432,COVM2
1178,-97.022,28.118,CPNT2
1179,-76.388,38.995,CPVM2
1180,-88.139,30.308,CRTA1
1181,-76.338,36.888,CRYV2
1182,-85.357,29.672,CSBF1
1183,-67.297,44.642,CTGM1
1184,-76.884,37.571,CVQV2
1185,-81.013,25.295,CWAF1
1186,-97.034,28.132,CWQT2
1187,-97.201,28.084,CWWT2
1188,-79.168,33.36,DBQS1
1189,-88.567,30.355,DKCM6
1190,-80.49,25.18,DKKF1
1191,-76.425,36.962,DOMV2
1192,-75.437,39.089,DRSD1
1193,-82.862,24.638,DRYF1
1194,-75.297,35.153,DSLN7
1195,-75.745,36.184,DUCN7
1196,-88.01,30.429,EFLA1
1197,-82.76,27.601,EGKF1
1198,-82.443,27.917,ERTF1
1199,-79.888,32.685,FBIS1
1200,-79.938,32.652,FBPS1
1201,-95.3,28.933,FCGT2
1202,-93.67,28.118,FGBL1
1203,-82.801,28.153,FHPF1
1204,-79.899,32.753,FMNS1
1205,-77.59,33.485,FPSN7
1206,-95.308,28.948,FPTT2
1207,-90.422,30.106,FREL1
1208,-75.739,36.19,FRFN7
1209,-82.552,27.591,FRKF1
1210,-87.994,30.234,FRMA1
1211,-71.18,41.696,FRXM3
1212,-76.528,39.219,FSKM2
1213,-73.172,41.15,FWIC3
1214,-80.097,25.591,FWYF1
1215,-88.436,30.384,GBCM6
1216,-88.405,30.418,GBHM6
1217,-81.029,25.376,GBIF1
1218,-70.934,43.08,GBQN3
1219,-88.403,30.413,GBRM6
1220,-80.797,25.17,GBTF1
1221,-82.517,27.774,GCTF1
1222,-81.634,29.982,GCVF1
1223,-89.957,29.267,GDIL1
1224,-76.404,37.222,GDIV2
1225,-88.463,30.357,GDQM6
1226,-88.42,30.359,GDXM6
1227,-82.872,24.627,GKYF1
1228,-94.787,29.285,GLPT2
1229,-88.982,30.23,GPOM6
1230,-89.978,29.101,GRBL1
1231,-81.22,29.658,GTXF1
1232,-89.087,30.348,GWPM6
1233,-73.985,41.314,HBMN6
1234,-80.444,25.254,HCEF1
1235,-76.133,38.59,HPLM2
1236,-81.06,25.424,HREF1
1237,-82.707,28.772,HSSF1
1238,-73.925,42.037,HUQN6
1239,-90.533,29.053,ILDL1
1240,-67.044,17.969,IMGP4
1241,-70.623,42.967,IOSN3
1242,-80.541,25.224,JBYF1
1243,-74.461,39.548,JCQN4
1244,-74.464,39.535,JCRN4
1245,-74.338,39.508,JCTN4
1246,-80.904,25.05,JKYF1
1247,-66.239,17.944,JOBP4
1248,-66.211,17.93,JOQP4
1249,-66.239,17.956,JOXP4
1250,-88.213,30.258,KATA1
1251,-83.593,29.819,KTNF1
1252,-90.368,30.05,LABL1
1253,-81.111,25.484,LBRF1
1254,-80.432,25.214,LBSF1
1255,-72.077,41.305,LDLC3
1256,-90.281,30.315,LKPL1
1257,-80.632,25.174,LMDF1
1258,-81.169,25.554,LMRF1
1259,-80.864,24.844,LONF1
1260,-90.024,28.885,LOPL1
1261,-67.052,17.939,LPRP4
1262,-97.285,27.881,LQAT2
1263,-80.894,25.284,LRIF1
1264,-80.826,24.982,LRKF1
1265,-80.457,25.235,LSNF1
1266,-81.446,30.379,LTJF1
1267,-76.275,39.451,LTQM2
1268,-90.663,29.253,LUML1
1269,-95.078,29.765,LYBT2
1270,-77.868,34.091,MBIN7
1271,-88.012,30.437,MBLA1
1272,-77.824,34.171,MBNN7
1273,-88.087,30.527,MBPA1
1274,-82.425,27.913,MCYF1
1275,-80.396,25.289,MDKF1
1276,-68.128,43.968,MDRM1
1277,-87.936,30.667,MHPA1
1278,-74.162,40.641,MHRN6
1279,-73.134,41.074,MISC3
1280,-68.855,43.783,MISM1
1281,-73.121,41.049,MISN6
1282,-80.376,25.012,MLRF1
1283,-80.422,25.239,MNBF1
1284,-96.829,28.138,MQMT2
1285,-97.217,27.58,MQTT2
1286,-92.061,29.44,MRSL1
1287,-80.942,25.104,MUKF1
1288,-71.321,41.579,NAQR1
1289,-71.339,41.639,NAXR1
1290,-73.147,41.099,NCSC3
1291,-81.096,25.084,NFBF1
1292,-81.627,30.4,NFDF1
1293,-97.203,27.822,NGLT2
1294,-79.193,33.349,NIQS1
1295,-77.85,34.156,NOQN7
1296,-73.159,41.125,NOSC3
1297,-73.942,41.832,NPQN6
1298,-81.807,26.13,NPSF1
1299,-97.486,27.832,NUET2
1300,-96.768,27.75,NWST2
1301,-74.004,40.209,OCGN4
1302,-78.148,33.908,OCPN7
1303,-75.07,38.337,OCSM2
1304,-73.083,40.973,OFPN6
1305,-71.41,41.611,PDVR1
1306,-80.746,24.917,PKYF1
1307,-82.773,24.693,PLSF1
1308,-66.762,17.973,PLSP4
1309,-87.556,30.279,PPTA1
1310,-76.533,38.133,PPTM2
1311,-71.304,41.605,PRUR1
1312,-97.051,27.826,PTAT2
1313,-88.5,30.213,PTBM6
1314,-73.07,40.948,PTJN6
1315,-82.733,28.285,PTRF1
1316,-67.251,18.367,PTRP4
1317,-71.383,41.786,PVDR1
1318,-80.109,26.093,PVGF1
1319,-88.512,30.343,RARM6
1320,-81.733,26.026,RKQF1
1321,-81.701,26.05,RKXF1
1322,-74.065,40.657,ROBN4
1323,-76.015,37.538,RPLV2
1324,-81.877,24.456,SANF1
1325,-81.296,31.418,SAQG1
1326,-81.264,29.857,SAUF1
1327,-79.707,32.857,SCIS1
1328,-73.108,41.024,SCSN6
1329,-80.316,30.8,SECG1
1330,-84.858,29.408,SGOF1
1331,-74.03,40.12,SGRN4
1332,-84.291,30.058,SHPF1
1333,-80.445,27.862,SIPF1
1334,-89.017,30.267,SIPM6
1335,-80.236,31.534,SKMG1
1336,-91.55,29.517,SLPL1
1337,-89.612,30.357,SMKF1
1338,-78.507,33.865,SNSN7
1339,-80.567,31.375,SPAG1
1340,-78.994,26.704,SPGF1
1341,-90.483,28.867,SPLL1
1342,-64.762,17.784,SRBV3
1343,-81.1,25.352,SREF1
1344,-94.033,29.683,SRST2
1345,-90.665,29.19,TAML1
1346,-82.758,28.156,TARF1
1347,-80.725,25.155,TBYF1
1348,-76.714,37.415,TCSV2
1349,-80.372,25.203,THRF1
1350,-97.454,27.819,TLVT2
1351,-82.433,27.933,TPAF1
1352,-75.042,40.012,TPBN4
1353,-80.964,25.408,TPEF1
1354,-76.436,38.899,TPLM2
1355,-90.583,29.167,TRBL1
1356,-80.653,25.223,TRRF1
1357,-79.925,31.633,TYBG1
1358,-88.505,30.348,ULAM6
1359,-82.45,27.07,VENF1
1360,-76.5,37.246,VMSV2
1361,-70.549,41.553,WAQM3
1362,-89.367,30.282,WAVM6
1363,-70.525,41.582,WAXM3
1364,-89.551,28.662,WDEL1
1365,-76.322,36.982,WDSV2
1366,-70.563,43.32,WEBM1
1367,-70.55,43.337,WEXM1
1368,-81.044,25.585,WIWF1
1369,-80.728,25.077,WRBF1
1370,-80.939,25.23,WWEF1
1371,-79.289,33.309,WYBS1
1372,-76.333,37.25,YKRV2
1373,-76.713,37.414,YRSV2
1374,-77.935,33.955,ZBQN7
